id;street_address;postal_code;city;state_province
1;Steel Games explicit;systematic;North Frederick;Nevada
2;SQL grey;Representative;Greenland;communities driver
3;Open-architected Salad envisioneer;withdrawal Kong;Rollinport;edge input GB
4;Litas niches;redundant;Lake Princeport;wireless Soft
5;optimize pink generate;Electronics;Port Veldaborough;XML Solomon
6;Human olive;Rustic;West Estevan;matrix Sports
7;Cambridgeshire Montenegro bypass;Keyboard Utah Cote;Bayleeborough;Islands generate
8;installation Accounts Nakfa;Intuitive;Utica;Decentralized engage
9;copying world-class;deploy Strategist;West Lowell;Riel Business-focused
10;Frozen;Lead;Murielstad;Lakes olive Handmade
